timestamp,subreddit,title,score,num_comments,vader_compound,sentiment
2026-05-04 02:44:57,investing,Bearish on TSLA — macro headwinds are real,70,120,0.0,neutral
2026-03-31 06:44:57,wallstreetbets,SPY looks ready to break out — loading up calls,197,36,0.3612,positive
2026-04-23 12:44:57,investing,What does everyone think about PLTR earnings?,25,6,0.0,neutral
2026-05-03 06:44:57,wallstreetbets,"AAPL crashing, sell before it gets worse",8,80,-0.4767,negative
2026-02-11 03:44:57,investing,Bullish on SPY after strong earnings report,137,49,0.5106,positive
2026-04-04 10:44:57,investing,PLTR trading sideways — waiting for a catalyst,3,140,0.0,neutral
2026-03-31 18:44:57,stocks,Bearish on NVDA — macro headwinds are real,267,9,0.0,neutral
2026-04-11 03:44:57,investing,What does everyone think about AAPL earnings?,30,8,0.0,neutral
2026-03-21 22:44:57,wallstreetbets,"MSFT crashing, sell before it gets worse",54,29,-0.4767,negative
2026-04-20 22:44:57,wallstreetbets,What does everyone think about MSFT earnings?,84,13,0.0,neutral
2026-03-08 02:44:57,stocks,Bearish on TSLA — macro headwinds are real,141,6,0.0,neutral
2026-02-18 23:44:57,investing,AAPL looks ready to break out — loading up calls,51,18,0.3612,positive
2026-04-24 22:44:57,investing,Bearish on NVDA — macro headwinds are real,91,61,0.0,neutral
2026-03-07 15:44:57,investing,"AMD crashing, sell before it gets worse",33,28,-0.4767,negative
2026-04-30 13:44:57,investing,"TSLA crashing, sell before it gets worse",134,1,-0.4767,negative
2026-04-24 18:44:57,wallstreetbets,AMZN looks ready to break out — loading up calls,140,7,0.3612,positive
2026-03-21 22:44:57,stocks,"Dumped all my NVDA shares, this rally is fake",10,118,-0.5574,negative
2026-03-06 04:44:57,stocks,"GME crashing, sell before it gets worse",505,66,-0.4767,negative
2026-04-26 04:44:57,investing,"Just bought more AMZN, fundamentals are solid",54,4,0.1531,positive
2026-03-27 14:44:57,wallstreetbets,Anyone following PLTR closely? Thoughts?,172,23,0.0,neutral
2026-03-23 07:44:57,investing,NVDA trading sideways — waiting for a catalyst,19,27,0.0,neutral
2026-03-14 00:44:57,wallstreetbets,"SPY crashing, sell before it gets worse",5,96,-0.4767,negative
2026-03-15 12:44:57,stocks,Bearish on AAPL — macro headwinds are real,44,43,0.0,neutral
2026-04-02 08:44:57,investing,"Dumped all my TSLA shares, this rally is fake",56,29,-0.5574,negative
2026-02-12 04:44:57,stocks,Anyone following SPY closely? Thoughts?,118,8,0.0,neutral
2026-03-24 04:44:57,wallstreetbets,"GME crashing, sell before it gets worse",523,59,-0.4767,negative
2026-03-24 12:44:57,investing,What does everyone think about PLTR earnings?,420,90,0.0,neutral
2026-03-01 05:44:57,stocks,"AMD crashing, sell before it gets worse",136,101,-0.4767,negative
2026-02-10 09:44:57,stocks,GME looks ready to break out — loading up calls,13,8,0.3612,positive
2026-04-19 15:44:57,wallstreetbets,"Just bought more AAPL, fundamentals are solid",6,15,0.1531,positive
2026-04-27 12:44:57,stocks,What does everyone think about NVDA earnings?,73,12,0.0,neutral
2026-02-17 11:44:57,investing,Bearish on AMD — macro headwinds are real,264,17,0.0,neutral
2026-05-06 09:44:57,investing,PLTR looks ready to break out — loading up calls,49,31,0.3612,positive
2026-03-23 20:44:57,investing,"Dumped all my PLTR shares, this rally is fake",22,64,-0.5574,negative
2026-03-19 06:44:57,stocks,"Just bought more TSLA, fundamentals are solid",11,173,0.1531,positive
2026-05-07 19:44:57,investing,Bearish on AMC — macro headwinds are real,221,8,0.0,neutral
2026-04-07 21:44:57,investing,PLTR looks ready to break out — loading up calls,0,67,0.3612,positive
2026-02-10 17:44:57,investing,"AMZN crashing, sell before it gets worse",184,52,-0.4767,negative
2026-03-05 13:44:57,wallstreetbets,GME trading sideways — waiting for a catalyst,221,3,0.0,neutral
2026-05-08 06:44:57,investing,"Dumped all my PLTR shares, this rally is fake",66,4,-0.5574,negative
2026-05-05 01:44:57,wallstreetbets,"Dumped all my AMC shares, this rally is fake",298,39,-0.5574,negative
2026-03-28 12:44:57,wallstreetbets,"AMZN crashing, sell before it gets worse",60,2,-0.4767,negative
2026-04-24 22:44:57,wallstreetbets,Anyone following AMD closely? Thoughts?,55,15,0.0,neutral
2026-04-16 21:44:57,wallstreetbets,Anyone following TSLA closely? Thoughts?,196,40,0.0,neutral
2026-04-10 04:44:57,stocks,PLTR trading sideways — waiting for a catalyst,327,25,0.0,neutral
2026-02-25 03:44:57,wallstreetbets,AMD trading sideways — waiting for a catalyst,19,49,0.0,neutral
2026-03-16 04:44:57,stocks,"Dumped all my SPY shares, this rally is fake",214,32,-0.5574,negative
2026-02-09 01:44:57,stocks,AMC looks ready to break out — loading up calls,221,27,0.3612,positive
2026-03-31 00:44:57,wallstreetbets,"Dumped all my SPY shares, this rally is fake",110,22,-0.5574,negative
2026-03-30 02:44:57,investing,"AAPL crashing, sell before it gets worse",3,4,-0.4767,negative
2026-04-26 06:44:57,investing,Bullish on AAPL after strong earnings report,4,40,0.5106,positive
2026-04-26 20:44:57,wallstreetbets,"Dumped all my SPY shares, this rally is fake",56,28,-0.5574,negative
2026-02-09 15:44:57,wallstreetbets,Bearish on TSLA — macro headwinds are real,357,11,0.0,neutral
2026-04-01 19:44:57,investing,"Just bought more AMC, fundamentals are solid",79,56,0.1531,positive
2026-02-16 16:44:57,wallstreetbets,Anyone following AMD closely? Thoughts?,38,3,0.0,neutral
2026-04-05 21:44:57,wallstreetbets,NVDA looks ready to break out — loading up calls,51,7,0.3612,positive
2026-03-08 21:44:57,stocks,What does everyone think about NVDA earnings?,398,66,0.0,neutral
2026-04-29 03:44:57,investing,AMC looks ready to break out — loading up calls,150,82,0.3612,positive
2026-02-28 15:44:57,investing,"Dumped all my AAPL shares, this rally is fake",244,8,-0.5574,negative
2026-03-26 22:44:57,wallstreetbets,"TSLA crashing, sell before it gets worse",334,31,-0.4767,negative
2026-02-20 19:44:57,wallstreetbets,What does everyone think about PLTR earnings?,247,90,0.0,neutral
2026-03-21 20:44:57,stocks,"GME crashing, sell before it gets worse",57,4,-0.4767,negative
2026-02-21 17:44:57,investing,TSLA looks ready to break out — loading up calls,38,22,0.3612,positive
2026-05-05 20:44:57,wallstreetbets,"AAPL crashing, sell before it gets worse",255,78,-0.4767,negative
2026-02-28 00:44:57,stocks,Anyone following GME closely? Thoughts?,1,28,0.0,neutral
2026-02-28 22:44:57,wallstreetbets,"Just bought more SPY, fundamentals are solid",81,10,0.1531,positive
2026-05-08 00:44:57,stocks,Bearish on NVDA — macro headwinds are real,19,16,0.0,neutral
2026-03-20 16:44:57,stocks,AMC trading sideways — waiting for a catalyst,429,15,0.0,neutral
2026-04-11 22:44:57,wallstreetbets,Bearish on AMC — macro headwinds are real,109,48,0.0,neutral
2026-04-28 09:44:57,investing,SPY trading sideways — waiting for a catalyst,67,142,0.0,neutral
2026-03-15 20:44:57,wallstreetbets,Bullish on AAPL after strong earnings report,492,11,0.5106,positive
2026-02-16 00:44:57,investing,AMD trading sideways — waiting for a catalyst,103,14,0.0,neutral
2026-04-28 16:44:57,investing,GME looks ready to break out — loading up calls,50,1,0.3612,positive
2026-04-26 16:44:57,investing,GME looks ready to break out — loading up calls,141,27,0.3612,positive
2026-02-28 11:44:57,wallstreetbets,"SPY crashing, sell before it gets worse",7,13,-0.4767,negative
2026-05-01 14:44:57,investing,AMD looks ready to break out — loading up calls,358,10,0.3612,positive
2026-02-08 03:44:57,stocks,Bearish on NVDA — macro headwinds are real,23,26,0.0,neutral
2026-03-15 18:44:57,wallstreetbets,Bearish on SPY — macro headwinds are real,636,11,0.0,neutral
2026-04-16 00:44:57,investing,Bearish on NVDA — macro headwinds are real,167,57,0.0,neutral
2026-03-15 09:44:57,wallstreetbets,Bullish on AMC after strong earnings report,40,52,0.5106,positive
2026-04-21 07:44:57,wallstreetbets,AMC trading sideways — waiting for a catalyst,68,40,0.0,neutral
2026-02-11 00:44:57,stocks,"Just bought more SPY, fundamentals are solid",150,30,0.1531,positive
2026-04-26 15:44:57,wallstreetbets,"Dumped all my MSFT shares, this rally is fake",14,72,-0.5574,negative
2026-04-11 10:44:57,stocks,AMZN trading sideways — waiting for a catalyst,58,8,0.0,neutral
2026-05-07 00:44:57,investing,AMZN trading sideways — waiting for a catalyst,6,35,0.0,neutral
2026-04-20 16:44:57,wallstreetbets,Bearish on AMZN — macro headwinds are real,169,0,0.0,neutral
2026-04-20 02:44:57,investing,TSLA trading sideways — waiting for a catalyst,107,10,0.0,neutral
2026-03-22 21:44:57,stocks,"GME crashing, sell before it gets worse",155,7,-0.4767,negative
2026-04-03 15:44:57,investing,Bearish on MSFT — macro headwinds are real,176,19,0.0,neutral
2026-02-13 23:44:57,stocks,Bullish on PLTR after strong earnings report,414,5,0.5106,positive
2026-02-25 02:44:57,stocks,Bullish on TSLA after strong earnings report,62,4,0.5106,positive
2026-03-12 10:44:57,wallstreetbets,Bearish on AAPL — macro headwinds are real,387,83,0.0,neutral
2026-02-21 23:44:57,investing,What does everyone think about GME earnings?,44,43,0.0,neutral
2026-05-06 17:44:57,wallstreetbets,PLTR looks ready to break out — loading up calls,254,32,0.3612,positive
2026-05-02 05:44:57,stocks,GME trading sideways — waiting for a catalyst,113,11,0.0,neutral
2026-02-24 00:44:57,wallstreetbets,Bullish on GME after strong earnings report,14,91,0.5106,positive
2026-03-07 03:44:57,wallstreetbets,"Dumped all my AMZN shares, this rally is fake",346,40,-0.5574,negative
2026-03-26 18:44:57,investing,SPY looks ready to break out — loading up calls,62,17,0.3612,positive
2026-02-28 00:44:57,investing,"Just bought more MSFT, fundamentals are solid",194,90,0.1531,positive
2026-04-10 15:44:57,wallstreetbets,What does everyone think about SPY earnings?,327,60,0.0,neutral
2026-04-07 18:44:57,investing,"Dumped all my AAPL shares, this rally is fake",154,3,-0.5574,negative
2026-03-27 00:44:57,stocks,"Just bought more NVDA, fundamentals are solid",26,91,0.1531,positive
2026-03-04 02:44:57,wallstreetbets,Anyone following TSLA closely? Thoughts?,139,0,0.0,neutral
2026-04-04 07:44:57,stocks,"Dumped all my SPY shares, this rally is fake",16,43,-0.5574,negative
2026-03-30 12:44:57,wallstreetbets,Bullish on AMZN after strong earnings report,0,7,0.5106,positive
2026-03-01 08:44:57,stocks,Bearish on SPY — macro headwinds are real,119,47,0.0,neutral
2026-03-21 17:44:57,stocks,TSLA trading sideways — waiting for a catalyst,158,10,0.0,neutral
2026-03-12 20:44:57,wallstreetbets,NVDA looks ready to break out — loading up calls,186,10,0.3612,positive
2026-04-07 21:44:57,investing,Bearish on AMZN — macro headwinds are real,59,54,0.0,neutral
2026-04-19 20:44:57,investing,What does everyone think about AAPL earnings?,157,75,0.0,neutral
2026-03-15 20:44:57,stocks,MSFT trading sideways — waiting for a catalyst,160,33,0.0,neutral
2026-03-03 15:44:57,investing,"TSLA crashing, sell before it gets worse",14,18,-0.4767,negative
2026-04-30 19:44:57,investing,What does everyone think about AMZN earnings?,46,11,0.0,neutral
2026-02-08 15:44:57,investing,"AAPL crashing, sell before it gets worse",541,19,-0.4767,negative
2026-02-23 18:44:57,wallstreetbets,"Dumped all my MSFT shares, this rally is fake",333,39,-0.5574,negative
2026-03-15 19:44:57,investing,AMD looks ready to break out — loading up calls,237,27,0.3612,positive
2026-02-10 19:44:57,stocks,What does everyone think about AMZN earnings?,129,27,0.0,neutral
2026-02-28 16:44:57,investing,Bearish on MSFT — macro headwinds are real,32,51,0.0,neutral
2026-04-16 15:44:57,wallstreetbets,What does everyone think about PLTR earnings?,49,0,0.0,neutral
2026-04-08 16:44:57,investing,Bearish on NVDA — macro headwinds are real,155,7,0.0,neutral
2026-05-08 07:44:57,stocks,Bearish on NVDA — macro headwinds are real,423,123,0.0,neutral
2026-02-24 00:44:57,investing,"Dumped all my SPY shares, this rally is fake",369,18,-0.5574,negative
2026-02-21 23:44:57,stocks,"AMC crashing, sell before it gets worse",2,105,-0.4767,negative
2026-02-16 14:44:57,investing,"Just bought more PLTR, fundamentals are solid",83,136,0.1531,positive
2026-03-20 22:44:57,investing,"Dumped all my TSLA shares, this rally is fake",497,76,-0.5574,negative
2026-03-29 06:44:57,investing,Bearish on TSLA — macro headwinds are real,52,19,0.0,neutral
2026-04-04 09:44:57,wallstreetbets,Bullish on SPY after strong earnings report,285,15,0.5106,positive
2026-03-27 14:44:57,stocks,AAPL looks ready to break out — loading up calls,27,32,0.3612,positive
2026-02-26 15:44:57,investing,"AMC crashing, sell before it gets worse",412,47,-0.4767,negative
2026-02-13 00:44:57,stocks,"NVDA crashing, sell before it gets worse",126,4,-0.4767,negative
2026-05-07 10:44:57,wallstreetbets,What does everyone think about GME earnings?,143,184,0.0,neutral
2026-04-08 08:44:57,investing,SPY trading sideways — waiting for a catalyst,22,29,0.0,neutral
2026-04-29 19:44:57,investing,"AMC crashing, sell before it gets worse",314,54,-0.4767,negative
2026-02-19 11:44:57,wallstreetbets,Anyone following TSLA closely? Thoughts?,179,48,0.0,neutral
2026-03-15 05:44:57,stocks,PLTR trading sideways — waiting for a catalyst,66,13,0.0,neutral
2026-02-21 06:44:57,wallstreetbets,Anyone following NVDA closely? Thoughts?,248,66,0.0,neutral
2026-03-25 03:44:57,wallstreetbets,Bearish on AMC — macro headwinds are real,302,97,0.0,neutral
2026-02-14 16:44:57,investing,"PLTR crashing, sell before it gets worse",107,27,-0.4767,negative
2026-02-22 07:44:57,wallstreetbets,Bearish on AMZN — macro headwinds are real,240,41,0.0,neutral
2026-03-23 00:44:57,stocks,"Dumped all my SPY shares, this rally is fake",181,63,-0.5574,negative
2026-04-24 14:44:57,wallstreetbets,"Just bought more PLTR, fundamentals are solid",331,16,0.1531,positive
2026-03-04 00:44:57,investing,"Just bought more SPY, fundamentals are solid",70,3,0.1531,positive
2026-04-27 09:44:57,stocks,What does everyone think about SPY earnings?,129,1,0.0,neutral
2026-02-17 20:44:57,stocks,Bullish on MSFT after strong earnings report,93,31,0.5106,positive
2026-02-25 16:44:57,stocks,Bullish on SPY after strong earnings report,50,35,0.5106,positive
2026-03-04 10:44:57,stocks,Bullish on AMD after strong earnings report,4,1,0.5106,positive
2026-03-18 09:44:57,stocks,What does everyone think about MSFT earnings?,259,17,0.0,neutral
2026-03-31 17:44:57,stocks,"PLTR crashing, sell before it gets worse",20,29,-0.4767,negative
2026-02-22 23:44:57,stocks,Bullish on AMZN after strong earnings report,220,9,0.5106,positive
2026-03-12 00:44:57,investing,What does everyone think about NVDA earnings?,146,3,0.0,neutral
2026-02-17 14:44:57,wallstreetbets,GME trading sideways — waiting for a catalyst,7,30,0.0,neutral
2026-03-02 03:44:57,investing,Bullish on AAPL after strong earnings report,116,40,0.5106,positive
2026-02-24 05:44:57,wallstreetbets,Anyone following TSLA closely? Thoughts?,194,148,0.0,neutral
2026-04-29 19:44:57,stocks,What does everyone think about GME earnings?,108,15,0.0,neutral
2026-04-02 06:44:57,stocks,"Dumped all my MSFT shares, this rally is fake",237,12,-0.5574,negative
2026-03-04 16:44:57,stocks,What does everyone think about MSFT earnings?,86,3,0.0,neutral
2026-04-24 09:44:57,stocks,Bullish on AMZN after strong earnings report,3,131,0.5106,positive
2026-04-29 11:44:57,stocks,"PLTR crashing, sell before it gets worse",271,47,-0.4767,negative
2026-05-01 12:44:57,wallstreetbets,"TSLA crashing, sell before it gets worse",78,7,-0.4767,negative
2026-05-04 21:44:57,investing,"Just bought more SPY, fundamentals are solid",25,11,0.1531,positive
2026-04-16 19:44:57,stocks,SPY looks ready to break out — loading up calls,119,50,0.3612,positive
2026-04-01 04:44:57,stocks,Bearish on AMD — macro headwinds are real,161,13,0.0,neutral
2026-04-09 17:44:57,investing,MSFT looks ready to break out — loading up calls,464,53,0.3612,positive
2026-03-16 06:44:57,wallstreetbets,Bullish on GME after strong earnings report,121,37,0.5106,positive
2026-03-05 07:44:57,stocks,"AMZN crashing, sell before it gets worse",81,11,-0.4767,negative
2026-03-27 22:44:57,wallstreetbets,Bearish on TSLA — macro headwinds are real,66,56,0.0,neutral
2026-04-17 17:44:57,investing,Bullish on AMD after strong earnings report,2,4,0.5106,positive
2026-02-24 06:44:57,investing,"Dumped all my MSFT shares, this rally is fake",7,1,-0.5574,negative
2026-02-11 00:44:57,investing,"Dumped all my TSLA shares, this rally is fake",290,48,-0.5574,negative
2026-02-25 16:44:57,stocks,AAPL looks ready to break out — loading up calls,96,4,0.3612,positive
2026-03-07 13:44:57,investing,Anyone following NVDA closely? Thoughts?,101,25,0.0,neutral
2026-02-23 01:44:57,wallstreetbets,GME trading sideways — waiting for a catalyst,28,22,0.0,neutral
2026-02-14 20:44:57,stocks,What does everyone think about AMZN earnings?,76,38,0.0,neutral
2026-03-23 13:44:57,stocks,"AMD crashing, sell before it gets worse",151,1,-0.4767,negative
2026-03-21 18:44:57,stocks,"TSLA crashing, sell before it gets worse",70,39,-0.4767,negative
2026-03-04 16:44:57,stocks,Bullish on AMC after strong earnings report,104,77,0.5106,positive
2026-03-13 21:44:57,wallstreetbets,Anyone following AMC closely? Thoughts?,161,7,0.0,neutral
2026-03-08 19:44:57,stocks,"Dumped all my SPY shares, this rally is fake",10,41,-0.5574,negative
2026-03-22 05:44:57,investing,Bullish on AMZN after strong earnings report,4,35,0.5106,positive
2026-04-05 18:44:57,wallstreetbets,"PLTR crashing, sell before it gets worse",422,34,-0.4767,negative
2026-02-13 23:44:57,investing,"NVDA crashing, sell before it gets worse",73,41,-0.4767,negative
2026-02-13 14:44:57,stocks,Bullish on AMC after strong earnings report,91,31,0.5106,positive
2026-03-19 03:44:57,wallstreetbets,What does everyone think about TSLA earnings?,425,19,0.0,neutral
2026-03-17 02:44:57,investing,"Dumped all my SPY shares, this rally is fake",487,94,-0.5574,negative
2026-03-10 16:44:57,stocks,AMC trading sideways — waiting for a catalyst,32,2,0.0,neutral
2026-03-09 07:44:57,investing,Anyone following MSFT closely? Thoughts?,15,0,0.0,neutral
2026-03-17 01:44:57,stocks,"AMZN crashing, sell before it gets worse",14,45,-0.4767,negative
2026-04-05 12:44:57,stocks,TSLA looks ready to break out — loading up calls,11,15,0.3612,positive
2026-04-06 18:44:57,wallstreetbets,"PLTR crashing, sell before it gets worse",279,0,-0.4767,negative
2026-03-22 04:44:57,investing,AMC trading sideways — waiting for a catalyst,252,13,0.0,neutral
2026-03-21 01:44:57,wallstreetbets,"AMD crashing, sell before it gets worse",18,47,-0.4767,negative
2026-03-30 13:44:57,stocks,"Just bought more AMZN, fundamentals are solid",148,83,0.1531,positive
2026-05-05 23:44:57,investing,AMZN trading sideways — waiting for a catalyst,199,65,0.0,neutral
2026-03-22 13:44:57,wallstreetbets,Bullish on GME after strong earnings report,49,7,0.5106,positive
2026-03-19 12:44:57,investing,"Just bought more PLTR, fundamentals are solid",208,65,0.1531,positive
2026-04-20 20:44:57,wallstreetbets,Bearish on AMC — macro headwinds are real,698,21,0.0,neutral
2026-02-15 16:44:57,stocks,"Dumped all my AMC shares, this rally is fake",69,59,-0.5574,negative
2026-04-29 14:44:57,stocks,Anyone following GME closely? Thoughts?,62,106,0.0,neutral
2026-04-27 05:44:57,stocks,Anyone following TSLA closely? Thoughts?,293,22,0.0,neutral
2026-04-29 05:44:57,wallstreetbets,"Just bought more TSLA, fundamentals are solid",208,56,0.1531,positive
2026-03-17 12:44:57,wallstreetbets,"AMD crashing, sell before it gets worse",16,93,-0.4767,negative
2026-02-26 08:44:57,investing,"TSLA crashing, sell before it gets worse",105,70,-0.4767,negative
2026-03-04 10:44:57,stocks,Anyone following PLTR closely? Thoughts?,57,90,0.0,neutral
2026-02-24 04:44:57,stocks,Bullish on AMZN after strong earnings report,73,0,0.5106,positive
2026-04-21 10:44:57,wallstreetbets,"AMD crashing, sell before it gets worse",353,3,-0.4767,negative
2026-04-24 12:44:57,wallstreetbets,"AMZN crashing, sell before it gets worse",57,119,-0.4767,negative
2026-04-25 13:44:57,wallstreetbets,Bullish on GME after strong earnings report,451,34,0.5106,positive
2026-02-20 11:44:57,investing,Anyone following NVDA closely? Thoughts?,149,23,0.0,neutral
2026-05-02 19:44:57,wallstreetbets,Bearish on AMZN — macro headwinds are real,52,15,0.0,neutral
2026-02-19 21:44:57,wallstreetbets,"AMZN crashing, sell before it gets worse",167,55,-0.4767,negative
2026-04-04 14:44:57,stocks,AMZN looks ready to break out — loading up calls,235,62,0.3612,positive
2026-03-31 00:44:57,investing,"Just bought more PLTR, fundamentals are solid",14,27,0.1531,positive
2026-04-14 02:44:57,wallstreetbets,Bullish on AMZN after strong earnings report,8,31,0.5106,positive
2026-03-16 21:44:57,investing,Bearish on GME — macro headwinds are real,87,87,0.0,neutral
2026-04-17 03:44:57,stocks,Bearish on AMC — macro headwinds are real,64,4,0.0,neutral
2026-03-22 21:44:57,investing,NVDA trading sideways — waiting for a catalyst,23,57,0.0,neutral
2026-02-22 15:44:57,wallstreetbets,Bullish on AMC after strong earnings report,144,4,0.5106,positive
2026-03-14 08:44:57,investing,Bearish on NVDA — macro headwinds are real,13,48,0.0,neutral
2026-04-22 18:44:57,wallstreetbets,Bullish on AAPL after strong earnings report,11,69,0.5106,positive
2026-05-01 12:44:57,wallstreetbets,Anyone following AMZN closely? Thoughts?,183,3,0.0,neutral
2026-02-21 21:44:57,stocks,"Just bought more PLTR, fundamentals are solid",13,172,0.1531,positive
2026-02-22 23:44:57,investing,Anyone following AMD closely? Thoughts?,70,18,0.0,neutral
2026-02-17 03:44:57,stocks,What does everyone think about TSLA earnings?,251,117,0.0,neutral
2026-03-14 13:44:57,investing,MSFT looks ready to break out — loading up calls,640,55,0.3612,positive
2026-03-13 02:44:57,stocks,Anyone following GME closely? Thoughts?,70,3,0.0,neutral
2026-03-01 00:44:57,investing,Bullish on AMZN after strong earnings report,225,32,0.5106,positive
2026-04-23 08:44:57,stocks,Bearish on AMC — macro headwinds are real,82,94,0.0,neutral
2026-04-18 14:44:57,stocks,MSFT trading sideways — waiting for a catalyst,17,27,0.0,neutral
2026-02-18 12:44:57,stocks,Bullish on AAPL after strong earnings report,1,25,0.5106,positive
2026-02-08 21:44:57,stocks,Anyone following SPY closely? Thoughts?,8,5,0.0,neutral
2026-04-29 13:44:57,wallstreetbets,Bearish on AMC — macro headwinds are real,18,41,0.0,neutral
2026-04-16 00:44:57,stocks,Anyone following PLTR closely? Thoughts?,205,35,0.0,neutral
2026-04-17 15:44:57,wallstreetbets,"AMC crashing, sell before it gets worse",491,18,-0.4767,negative
2026-03-16 08:44:57,investing,Bullish on GME after strong earnings report,50,81,0.5106,positive
2026-02-27 17:44:57,wallstreetbets,"PLTR crashing, sell before it gets worse",37,132,-0.4767,negative
2026-02-18 14:44:57,wallstreetbets,"Just bought more TSLA, fundamentals are solid",1,140,0.1531,positive
2026-03-19 13:44:57,investing,Bearish on AMC — macro headwinds are real,6,88,0.0,neutral
2026-02-15 00:44:57,stocks,"NVDA crashing, sell before it gets worse",112,198,-0.4767,negative
2026-04-13 16:44:57,stocks,"AMC crashing, sell before it gets worse",11,32,-0.4767,negative
2026-02-10 15:44:57,investing,"Just bought more AMD, fundamentals are solid",522,29,0.1531,positive
2026-03-22 05:44:57,stocks,"Dumped all my TSLA shares, this rally is fake",148,47,-0.5574,negative
2026-03-23 18:44:57,wallstreetbets,Bearish on PLTR — macro headwinds are real,90,39,0.0,neutral
2026-02-13 19:44:57,wallstreetbets,Anyone following AMZN closely? Thoughts?,131,92,0.0,neutral
2026-02-14 17:44:57,stocks,"Dumped all my PLTR shares, this rally is fake",6,13,-0.5574,negative
2026-03-04 23:44:57,stocks,"Dumped all my PLTR shares, this rally is fake",450,88,-0.5574,negative
2026-03-28 14:44:57,investing,What does everyone think about SPY earnings?,91,38,0.0,neutral
2026-02-27 06:44:57,wallstreetbets,"Dumped all my SPY shares, this rally is fake",48,8,-0.5574,negative
2026-03-04 07:44:57,stocks,"Just bought more AMC, fundamentals are solid",93,17,0.1531,positive
2026-05-02 01:44:57,wallstreetbets,AMC trading sideways — waiting for a catalyst,131,3,0.0,neutral
2026-03-12 17:44:57,wallstreetbets,Anyone following AMD closely? Thoughts?,549,171,0.0,neutral
2026-02-07 14:44:57,stocks,Bullish on TSLA after strong earnings report,179,30,0.5106,positive
2026-02-27 09:44:57,investing,"Just bought more GME, fundamentals are solid",55,67,0.1531,positive
2026-02-17 05:44:57,stocks,"Dumped all my TSLA shares, this rally is fake",173,7,-0.5574,negative
2026-03-01 12:44:57,investing,AMD looks ready to break out — loading up calls,362,69,0.3612,positive
2026-03-04 12:44:57,stocks,Anyone following MSFT closely? Thoughts?,448,51,0.0,neutral
2026-05-02 05:44:57,investing,PLTR looks ready to break out — loading up calls,142,21,0.3612,positive
2026-03-20 07:44:57,wallstreetbets,SPY looks ready to break out — loading up calls,404,80,0.3612,positive
2026-04-21 13:44:57,investing,NVDA looks ready to break out — loading up calls,6,1,0.3612,positive
2026-04-09 23:44:57,investing,Bearish on AMC — macro headwinds are real,70,66,0.0,neutral
2026-04-30 12:44:57,stocks,Bullish on AAPL after strong earnings report,654,6,0.5106,positive
2026-03-08 04:44:57,stocks,What does everyone think about AMZN earnings?,135,19,0.0,neutral
2026-03-27 16:44:57,investing,What does everyone think about GME earnings?,525,73,0.0,neutral
2026-04-07 15:44:57,wallstreetbets,"Just bought more AMD, fundamentals are solid",273,25,0.1531,positive
2026-03-04 02:44:57,investing,"TSLA crashing, sell before it gets worse",80,12,-0.4767,negative
2026-04-13 22:44:57,wallstreetbets,Anyone following AMC closely? Thoughts?,8,80,0.0,neutral
2026-02-18 22:44:57,stocks,Bullish on AMZN after strong earnings report,251,326,0.5106,positive
2026-03-20 06:44:57,investing,AMC trading sideways — waiting for a catalyst,854,32,0.0,neutral
2026-04-25 18:44:57,stocks,"Dumped all my GME shares, this rally is fake",219,115,-0.5574,negative
2026-03-18 07:44:57,investing,What does everyone think about AMD earnings?,284,11,0.0,neutral
2026-02-19 09:44:57,stocks,"AMZN crashing, sell before it gets worse",89,5,-0.4767,negative
2026-02-14 21:44:57,wallstreetbets,"NVDA crashing, sell before it gets worse",462,37,-0.4767,negative
2026-03-08 02:44:57,investing,Bearish on NVDA — macro headwinds are real,38,44,0.0,neutral
2026-05-04 15:44:57,investing,What does everyone think about AMZN earnings?,144,17,0.0,neutral
2026-05-06 23:44:57,investing,Bullish on AMZN after strong earnings report,18,44,0.5106,positive
2026-02-12 14:44:57,stocks,"AMD crashing, sell before it gets worse",110,59,-0.4767,negative
2026-03-09 05:44:57,wallstreetbets,"AMD crashing, sell before it gets worse",110,76,-0.4767,negative
2026-03-26 14:44:57,investing,"Just bought more AMD, fundamentals are solid",120,32,0.1531,positive
2026-05-01 15:44:57,stocks,Anyone following TSLA closely? Thoughts?,313,20,0.0,neutral
2026-03-07 02:44:57,investing,"Just bought more AAPL, fundamentals are solid",21,1,0.1531,positive
2026-03-19 00:44:57,stocks,What does everyone think about TSLA earnings?,211,38,0.0,neutral
2026-04-04 02:44:57,wallstreetbets,GME trading sideways — waiting for a catalyst,182,9,0.0,neutral
2026-02-11 17:44:57,stocks,"Just bought more MSFT, fundamentals are solid",21,0,0.1531,positive
2026-02-15 03:44:57,stocks,"Dumped all my AMZN shares, this rally is fake",64,35,-0.5574,negative
2026-02-17 10:44:57,wallstreetbets,"Just bought more TSLA, fundamentals are solid",74,23,0.1531,positive
2026-03-01 13:44:57,investing,"Dumped all my SPY shares, this rally is fake",351,17,-0.5574,negative
2026-03-02 00:44:57,wallstreetbets,Bearish on TSLA — macro headwinds are real,108,61,0.0,neutral
2026-04-17 06:44:57,stocks,"Dumped all my PLTR shares, this rally is fake",75,38,-0.5574,negative
2026-03-04 08:44:57,investing,"Dumped all my AMZN shares, this rally is fake",297,119,-0.5574,negative
2026-03-29 11:44:57,stocks,Bullish on TSLA after strong earnings report,23,104,0.5106,positive
2026-03-13 09:44:57,investing,"AMD crashing, sell before it gets worse",101,11,-0.4767,negative
2026-02-18 03:44:57,investing,Bearish on TSLA — macro headwinds are real,92,156,0.0,neutral
2026-04-18 11:44:57,wallstreetbets,Bullish on NVDA after strong earnings report,101,15,0.5106,positive
2026-03-17 10:44:57,stocks,AAPL looks ready to break out — loading up calls,150,10,0.3612,positive
2026-03-29 07:44:57,investing,"Just bought more TSLA, fundamentals are solid",11,5,0.1531,positive
2026-02-19 22:44:57,stocks,NVDA trading sideways — waiting for a catalyst,20,6,0.0,neutral
2026-04-12 00:44:57,stocks,NVDA looks ready to break out — loading up calls,22,40,0.3612,positive
2026-02-27 17:44:57,stocks,Bullish on AMC after strong earnings report,30,16,0.5106,positive
2026-04-01 07:44:57,stocks,Anyone following MSFT closely? Thoughts?,340,25,0.0,neutral
2026-03-07 11:44:57,wallstreetbets,"Dumped all my SPY shares, this rally is fake",165,7,-0.5574,negative
2026-03-08 03:44:57,wallstreetbets,What does everyone think about PLTR earnings?,32,1,0.0,neutral
2026-04-05 23:44:57,wallstreetbets,Anyone following AMZN closely? Thoughts?,27,13,0.0,neutral
2026-04-02 04:44:57,investing,Bullish on TSLA after strong earnings report,29,3,0.5106,positive
2026-03-12 10:44:57,wallstreetbets,"Just bought more AAPL, fundamentals are solid",19,24,0.1531,positive
2026-04-03 08:44:57,wallstreetbets,AMD trading sideways — waiting for a catalyst,34,18,0.0,neutral
2026-04-01 12:44:57,wallstreetbets,"Dumped all my SPY shares, this rally is fake",105,46,-0.5574,negative
2026-05-07 21:44:57,stocks,"Just bought more GME, fundamentals are solid",6,64,0.1531,positive
2026-03-26 14:44:57,wallstreetbets,GME looks ready to break out — loading up calls,148,3,0.3612,positive
2026-04-15 21:44:57,wallstreetbets,"Dumped all my AAPL shares, this rally is fake",310,101,-0.5574,negative
2026-03-14 02:44:57,wallstreetbets,"Just bought more SPY, fundamentals are solid",9,12,0.1531,positive
2026-04-29 10:44:57,wallstreetbets,What does everyone think about AMZN earnings?,246,55,0.0,neutral
2026-04-18 23:44:57,investing,PLTR looks ready to break out — loading up calls,30,9,0.3612,positive
2026-02-20 20:44:57,stocks,AMC trading sideways — waiting for a catalyst,69,26,0.0,neutral
2026-04-19 18:44:57,stocks,AMD trading sideways — waiting for a catalyst,144,18,0.0,neutral
2026-04-30 23:44:57,investing,SPY trading sideways — waiting for a catalyst,93,55,0.0,neutral
2026-02-19 04:44:57,investing,Bullish on AMZN after strong earnings report,5,11,0.5106,positive
2026-02-15 15:44:57,stocks,What does everyone think about AAPL earnings?,187,90,0.0,neutral
2026-02-13 16:44:57,investing,Anyone following TSLA closely? Thoughts?,107,30,0.0,neutral
2026-04-24 14:44:57,stocks,"Just bought more TSLA, fundamentals are solid",17,23,0.1531,positive
2026-04-16 20:44:57,stocks,TSLA trading sideways — waiting for a catalyst,114,11,0.0,neutral
2026-03-04 08:44:57,investing,MSFT trading sideways — waiting for a catalyst,47,18,0.0,neutral
2026-02-19 22:44:57,investing,What does everyone think about AMZN earnings?,3,15,0.0,neutral
2026-04-18 20:44:57,investing,TSLA trading sideways — waiting for a catalyst,35,15,0.0,neutral
2026-02-23 23:44:57,stocks,"SPY crashing, sell before it gets worse",19,88,-0.4767,negative
2026-03-11 12:44:57,stocks,What does everyone think about NVDA earnings?,135,45,0.0,neutral
2026-04-22 03:44:57,stocks,What does everyone think about NVDA earnings?,233,27,0.0,neutral
2026-03-25 20:44:57,stocks,"Just bought more MSFT, fundamentals are solid",13,30,0.1531,positive
2026-04-26 22:44:57,wallstreetbets,AMC looks ready to break out — loading up calls,132,54,0.3612,positive
2026-02-23 16:44:57,wallstreetbets,"Dumped all my TSLA shares, this rally is fake",84,5,-0.5574,negative
2026-04-28 03:44:57,investing,GME trading sideways — waiting for a catalyst,50,18,0.0,neutral
2026-03-13 02:44:57,investing,PLTR looks ready to break out — loading up calls,155,33,0.3612,positive
2026-03-09 00:44:57,investing,What does everyone think about NVDA earnings?,66,172,0.0,neutral
2026-03-20 06:44:57,investing,Bearish on AAPL — macro headwinds are real,139,10,0.0,neutral
2026-04-20 16:44:57,investing,MSFT trading sideways — waiting for a catalyst,16,6,0.0,neutral
2026-04-11 23:44:57,investing,Anyone following SPY closely? Thoughts?,42,7,0.0,neutral
2026-04-19 21:44:57,stocks,SPY trading sideways — waiting for a catalyst,30,13,0.0,neutral
2026-04-18 18:44:57,stocks,"MSFT crashing, sell before it gets worse",28,90,-0.4767,negative
2026-05-03 21:44:57,investing,Bearish on NVDA — macro headwinds are real,12,29,0.0,neutral
2026-04-07 14:44:57,stocks,Bearish on AAPL — macro headwinds are real,79,161,0.0,neutral
2026-03-09 11:44:57,wallstreetbets,"Just bought more MSFT, fundamentals are solid",17,20,0.1531,positive
2026-02-28 23:44:57,wallstreetbets,"Just bought more GME, fundamentals are solid",523,80,0.1531,positive
2026-04-22 17:44:57,investing,AAPL trading sideways — waiting for a catalyst,254,11,0.0,neutral
2026-03-05 04:44:57,stocks,Anyone following SPY closely? Thoughts?,28,44,0.0,neutral
2026-04-11 12:44:57,stocks,Bearish on MSFT — macro headwinds are real,397,32,0.0,neutral
2026-04-23 21:44:57,wallstreetbets,"Just bought more MSFT, fundamentals are solid",127,13,0.1531,positive
2026-04-29 21:44:57,investing,GME looks ready to break out — loading up calls,220,8,0.3612,positive
2026-02-21 18:44:57,investing,What does everyone think about AMZN earnings?,58,22,0.0,neutral
2026-02-21 22:44:57,stocks,Bearish on AMC — macro headwinds are real,106,11,0.0,neutral
2026-02-09 22:44:57,wallstreetbets,"Dumped all my SPY shares, this rally is fake",18,37,-0.5574,negative
2026-04-19 10:44:57,stocks,Anyone following NVDA closely? Thoughts?,51,34,0.0,neutral
2026-03-16 17:44:57,wallstreetbets,"PLTR crashing, sell before it gets worse",25,26,-0.4767,negative
2026-04-29 00:44:57,wallstreetbets,"NVDA crashing, sell before it gets worse",114,2,-0.4767,negative
2026-04-02 07:44:57,wallstreetbets,Bearish on AMZN — macro headwinds are real,61,5,0.0,neutral
2026-03-13 09:44:57,wallstreetbets,Bullish on AMZN after strong earnings report,9,184,0.5106,positive
2026-02-23 21:44:57,wallstreetbets,"Just bought more AMC, fundamentals are solid",58,66,0.1531,positive
2026-03-30 02:44:57,investing,NVDA trading sideways — waiting for a catalyst,44,45,0.0,neutral
2026-04-26 01:44:57,stocks,Bullish on MSFT after strong earnings report,214,36,0.5106,positive
2026-05-05 04:44:57,stocks,NVDA looks ready to break out — loading up calls,95,21,0.3612,positive
2026-02-24 02:44:57,investing,What does everyone think about MSFT earnings?,64,106,0.0,neutral
2026-03-19 23:44:57,wallstreetbets,What does everyone think about NVDA earnings?,266,134,0.0,neutral
2026-03-13 22:44:57,wallstreetbets,Anyone following AAPL closely? Thoughts?,19,52,0.0,neutral
2026-04-23 08:44:57,stocks,MSFT looks ready to break out — loading up calls,417,7,0.3612,positive
2026-02-23 00:44:57,investing,What does everyone think about SPY earnings?,10,54,0.0,neutral
2026-04-24 22:44:57,stocks,Bearish on PLTR — macro headwinds are real,128,73,0.0,neutral
2026-03-31 13:44:57,stocks,"Just bought more MSFT, fundamentals are solid",22,63,0.1531,positive
2026-02-10 06:44:57,investing,TSLA looks ready to break out — loading up calls,33,7,0.3612,positive
2026-02-10 08:44:57,wallstreetbets,"Dumped all my PLTR shares, this rally is fake",26,67,-0.5574,negative
2026-04-13 04:44:57,wallstreetbets,MSFT looks ready to break out — loading up calls,164,29,0.3612,positive
2026-03-25 16:44:57,wallstreetbets,"Just bought more GME, fundamentals are solid",66,83,0.1531,positive
2026-04-12 06:44:57,investing,AMD looks ready to break out — loading up calls,74,67,0.3612,positive
2026-02-13 01:44:57,stocks,Anyone following GME closely? Thoughts?,86,18,0.0,neutral
2026-03-14 05:44:57,investing,"Dumped all my AMD shares, this rally is fake",93,14,-0.5574,negative
2026-02-22 07:44:57,wallstreetbets,Anyone following GME closely? Thoughts?,206,27,0.0,neutral
2026-03-17 16:44:57,stocks,Bullish on AMC after strong earnings report,39,91,0.5106,positive
2026-02-10 18:44:57,wallstreetbets,Bearish on MSFT — macro headwinds are real,72,31,0.0,neutral
2026-02-20 05:44:57,wallstreetbets,Bullish on AMC after strong earnings report,355,39,0.5106,positive
2026-03-20 09:44:57,wallstreetbets,MSFT looks ready to break out — loading up calls,18,112,0.3612,positive
2026-02-10 20:44:57,stocks,Anyone following AMD closely? Thoughts?,148,16,0.0,neutral
2026-05-01 08:44:57,stocks,"AMD crashing, sell before it gets worse",22,63,-0.4767,negative
2026-02-16 04:44:57,investing,"Just bought more MSFT, fundamentals are solid",145,30,0.1531,positive
2026-02-20 11:44:57,wallstreetbets,"Dumped all my AAPL shares, this rally is fake",336,62,-0.5574,negative
2026-02-11 06:44:57,investing,"Just bought more TSLA, fundamentals are solid",24,14,0.1531,positive
2026-03-27 02:44:57,investing,Anyone following AAPL closely? Thoughts?,42,54,0.0,neutral
2026-02-07 22:44:57,investing,"Just bought more AMC, fundamentals are solid",5,33,0.1531,positive
2026-03-05 17:44:57,stocks,What does everyone think about MSFT earnings?,215,83,0.0,neutral
2026-03-11 15:44:57,investing,Bullish on NVDA after strong earnings report,62,68,0.5106,positive
2026-04-27 03:44:57,stocks,MSFT looks ready to break out — loading up calls,17,74,0.3612,positive
2026-03-03 09:44:57,stocks,Bearish on PLTR — macro headwinds are real,20,20,0.0,neutral
2026-04-12 17:44:57,stocks,AMD looks ready to break out — loading up calls,239,6,0.3612,positive
2026-04-14 05:44:57,stocks,Bearish on AMD — macro headwinds are real,39,51,0.0,neutral
2026-04-16 08:44:57,investing,NVDA looks ready to break out — loading up calls,190,40,0.3612,positive
2026-03-05 02:44:57,investing,"Dumped all my AMZN shares, this rally is fake",177,31,-0.5574,negative
2026-02-07 12:44:57,wallstreetbets,What does everyone think about GME earnings?,43,16,0.0,neutral
2026-03-07 14:44:57,wallstreetbets,"Dumped all my PLTR shares, this rally is fake",30,95,-0.5574,negative
2026-04-07 14:44:57,wallstreetbets,"Dumped all my AMZN shares, this rally is fake",131,20,-0.5574,negative
2026-04-05 14:44:57,wallstreetbets,"Just bought more AMC, fundamentals are solid",92,117,0.1531,positive
2026-04-25 04:44:57,stocks,GME looks ready to break out — loading up calls,24,35,0.3612,positive
2026-02-07 12:44:57,wallstreetbets,"Dumped all my PLTR shares, this rally is fake",105,37,-0.5574,negative
2026-04-16 00:44:57,investing,What does everyone think about AMD earnings?,2,82,0.0,neutral
2026-04-10 16:44:57,wallstreetbets,"Just bought more GME, fundamentals are solid",403,33,0.1531,positive
2026-04-30 22:44:57,stocks,"Dumped all my AMC shares, this rally is fake",178,102,-0.5574,negative
2026-02-21 13:44:57,investing,Bearish on SPY — macro headwinds are real,184,6,0.0,neutral
2026-03-29 10:44:57,investing,"AMC crashing, sell before it gets worse",128,37,-0.4767,negative
2026-02-17 07:44:57,wallstreetbets,"Dumped all my AMZN shares, this rally is fake",82,53,-0.5574,negative
2026-02-22 04:44:57,stocks,Bearish on AMD — macro headwinds are real,408,103,0.0,neutral
2026-02-11 13:44:57,investing,What does everyone think about NVDA earnings?,89,4,0.0,neutral
2026-04-04 07:44:57,investing,"Just bought more GME, fundamentals are solid",628,73,0.1531,positive
2026-04-29 11:44:57,investing,Anyone following AMZN closely? Thoughts?,19,101,0.0,neutral
2026-04-20 20:44:57,investing,MSFT trading sideways — waiting for a catalyst,305,29,0.0,neutral
2026-03-20 17:44:57,wallstreetbets,"Just bought more TSLA, fundamentals are solid",134,20,0.1531,positive
2026-02-20 16:44:57,investing,"Just bought more AMZN, fundamentals are solid",8,16,0.1531,positive
2026-04-22 17:44:57,wallstreetbets,Anyone following NVDA closely? Thoughts?,243,0,0.0,neutral
2026-05-03 19:44:57,stocks,Bullish on MSFT after strong earnings report,60,20,0.5106,positive
2026-02-11 16:44:57,stocks,"NVDA crashing, sell before it gets worse",115,100,-0.4767,negative
2026-04-24 10:44:57,stocks,"NVDA crashing, sell before it gets worse",63,17,-0.4767,negative
2026-03-14 23:44:57,wallstreetbets,"Dumped all my AAPL shares, this rally is fake",200,24,-0.5574,negative
2026-04-14 21:44:57,wallstreetbets,Bearish on GME — macro headwinds are real,38,24,0.0,neutral
2026-04-14 16:44:57,investing,Anyone following AMC closely? Thoughts?,22,7,0.0,neutral
2026-05-07 11:44:57,wallstreetbets,Bullish on AMC after strong earnings report,103,21,0.5106,positive
2026-04-01 13:44:57,wallstreetbets,AMZN trading sideways — waiting for a catalyst,369,18,0.0,neutral
2026-02-25 03:44:57,wallstreetbets,Bearish on AMD — macro headwinds are real,130,40,0.0,neutral
2026-03-17 23:44:57,wallstreetbets,Bullish on SPY after strong earnings report,1,43,0.5106,positive
2026-02-25 17:44:57,investing,Anyone following SPY closely? Thoughts?,29,129,0.0,neutral
2026-04-19 10:44:57,stocks,TSLA trading sideways — waiting for a catalyst,24,21,0.0,neutral
2026-02-09 10:44:57,investing,"AAPL crashing, sell before it gets worse",13,230,-0.4767,negative
2026-03-19 15:44:57,stocks,Bullish on GME after strong earnings report,104,36,0.5106,positive
2026-03-09 03:44:57,wallstreetbets,What does everyone think about AMD earnings?,10,55,0.0,neutral
2026-04-23 18:44:57,investing,"Dumped all my GME shares, this rally is fake",35,91,-0.5574,negative
2026-02-07 14:44:57,investing,TSLA trading sideways — waiting for a catalyst,34,8,0.0,neutral
2026-05-04 21:44:57,stocks,Anyone following PLTR closely? Thoughts?,5,25,0.0,neutral
2026-03-03 08:44:57,stocks,Bearish on AAPL — macro headwinds are real,124,2,0.0,neutral
2026-03-08 10:44:57,wallstreetbets,"Dumped all my AAPL shares, this rally is fake",224,24,-0.5574,negative
2026-04-20 16:44:57,investing,"Dumped all my SPY shares, this rally is fake",111,23,-0.5574,negative
2026-04-30 19:44:57,stocks,GME trading sideways — waiting for a catalyst,76,32,0.0,neutral
2026-04-08 11:44:57,investing,Anyone following MSFT closely? Thoughts?,25,8,0.0,neutral
2026-04-07 06:44:57,wallstreetbets,AMC looks ready to break out — loading up calls,296,116,0.3612,positive
2026-05-02 01:44:57,stocks,"AMC crashing, sell before it gets worse",70,12,-0.4767,negative
2026-04-04 07:44:57,wallstreetbets,"Dumped all my AAPL shares, this rally is fake",154,21,-0.5574,negative
2026-02-09 09:44:57,stocks,AMZN trading sideways — waiting for a catalyst,3,6,0.0,neutral
2026-03-26 03:44:57,wallstreetbets,"AMC crashing, sell before it gets worse",188,43,-0.4767,negative
2026-03-08 10:44:57,wallstreetbets,"Dumped all my AMZN shares, this rally is fake",4,10,-0.5574,negative
2026-04-17 03:44:57,stocks,What does everyone think about AMZN earnings?,39,44,0.0,neutral
2026-02-22 07:44:57,stocks,"Dumped all my NVDA shares, this rally is fake",2,4,-0.5574,negative
2026-02-12 16:44:57,investing,Anyone following GME closely? Thoughts?,241,7,0.0,neutral
2026-02-08 18:44:57,stocks,MSFT looks ready to break out — loading up calls,158,10,0.3612,positive
2026-04-24 21:44:57,stocks,"Just bought more NVDA, fundamentals are solid",15,11,0.1531,positive
2026-03-19 05:44:57,stocks,PLTR looks ready to break out — loading up calls,192,77,0.3612,positive
2026-03-13 09:44:57,investing,Bearish on TSLA — macro headwinds are real,265,20,0.0,neutral
2026-02-21 06:44:57,investing,What does everyone think about AMZN earnings?,165,9,0.0,neutral
2026-02-21 14:44:57,stocks,Anyone following GME closely? Thoughts?,52,90,0.0,neutral
2026-03-09 04:44:57,investing,What does everyone think about AAPL earnings?,1,3,0.0,neutral
2026-04-28 14:44:57,wallstreetbets,What does everyone think about AMZN earnings?,34,1,0.0,neutral
2026-02-09 19:44:57,investing,"Just bought more MSFT, fundamentals are solid",30,34,0.1531,positive
2026-04-14 00:44:57,investing,Anyone following AAPL closely? Thoughts?,82,89,0.0,neutral
2026-04-16 19:44:57,wallstreetbets,"AAPL crashing, sell before it gets worse",255,16,-0.4767,negative
2026-03-07 13:44:57,stocks,Bullish on MSFT after strong earnings report,45,19,0.5106,positive
2026-04-12 04:44:57,investing,Anyone following AMD closely? Thoughts?,133,12,0.0,neutral
2026-03-05 21:44:57,stocks,MSFT looks ready to break out — loading up calls,146,21,0.3612,positive
2026-04-14 21:44:57,investing,"Dumped all my AMD shares, this rally is fake",120,22,-0.5574,negative
2026-03-15 17:44:57,investing,Bearish on NVDA — macro headwinds are real,52,118,0.0,neutral
2026-04-19 00:44:57,wallstreetbets,"Just bought more SPY, fundamentals are solid",216,6,0.1531,positive
2026-02-09 00:44:57,stocks,AMC trading sideways — waiting for a catalyst,304,26,0.0,neutral
2026-03-24 16:44:57,stocks,Anyone following TSLA closely? Thoughts?,337,64,0.0,neutral
2026-03-20 15:44:57,investing,Anyone following SPY closely? Thoughts?,83,0,0.0,neutral
2026-04-17 10:44:57,wallstreetbets,SPY looks ready to break out — loading up calls,46,31,0.3612,positive
2026-04-08 21:44:57,investing,Anyone following AMC closely? Thoughts?,150,11,0.0,neutral
2026-03-14 19:44:57,investing,"Dumped all my TSLA shares, this rally is fake",22,72,-0.5574,negative
2026-03-19 19:44:57,stocks,"Just bought more TSLA, fundamentals are solid",624,29,0.1531,positive
2026-03-07 16:44:57,investing,"GME crashing, sell before it gets worse",28,12,-0.4767,negative
2026-04-04 01:44:57,wallstreetbets,"TSLA crashing, sell before it gets worse",2,98,-0.4767,negative
2026-05-03 21:44:57,stocks,AMC trading sideways — waiting for a catalyst,18,34,0.0,neutral
2026-03-06 09:44:57,stocks,AMD trading sideways — waiting for a catalyst,48,32,0.0,neutral
2026-04-23 15:44:57,wallstreetbets,Bearish on GME — macro headwinds are real,158,70,0.0,neutral
2026-02-15 16:44:57,investing,What does everyone think about NVDA earnings?,34,0,0.0,neutral
2026-04-25 18:44:57,wallstreetbets,"Dumped all my NVDA shares, this rally is fake",22,92,-0.5574,negative
2026-02-20 13:44:57,stocks,TSLA trading sideways — waiting for a catalyst,310,36,0.0,neutral
2026-04-16 11:44:57,investing,"Just bought more MSFT, fundamentals are solid",137,43,0.1531,positive
2026-02-23 12:44:57,investing,Bullish on GME after strong earnings report,28,98,0.5106,positive
2026-02-08 22:44:57,wallstreetbets,Bearish on TSLA — macro headwinds are real,81,19,0.0,neutral
2026-04-10 17:44:57,stocks,"GME crashing, sell before it gets worse",109,1,-0.4767,negative
2026-02-08 19:44:57,stocks,MSFT looks ready to break out — loading up calls,27,53,0.3612,positive
2026-04-04 20:44:57,investing,AMZN trading sideways — waiting for a catalyst,12,36,0.0,neutral
2026-04-17 00:44:57,investing,Bearish on AMZN — macro headwinds are real,42,19,0.0,neutral
2026-04-22 10:44:57,investing,"Just bought more AMD, fundamentals are solid",51,17,0.1531,positive
2026-04-12 01:44:57,wallstreetbets,"Dumped all my AMD shares, this rally is fake",190,14,-0.5574,negative
2026-05-01 08:44:57,wallstreetbets,AMD looks ready to break out — loading up calls,125,25,0.3612,positive
2026-03-24 04:44:57,investing,"AAPL crashing, sell before it gets worse",163,110,-0.4767,negative
2026-02-26 06:44:57,investing,Bullish on AMD after strong earnings report,197,9,0.5106,positive
2026-03-19 22:44:57,investing,Bearish on AMC — macro headwinds are real,4,12,0.0,neutral
2026-03-27 13:44:57,investing,What does everyone think about AMC earnings?,135,2,0.0,neutral
2026-02-19 23:44:57,wallstreetbets,Bullish on AMZN after strong earnings report,102,36,0.5106,positive
2026-02-22 08:44:57,stocks,Anyone following GME closely? Thoughts?,61,58,0.0,neutral
2026-04-03 13:44:57,stocks,"Just bought more AMC, fundamentals are solid",16,3,0.1531,positive
2026-03-14 21:44:57,investing,"Dumped all my MSFT shares, this rally is fake",195,27,-0.5574,negative
2026-04-16 01:44:57,stocks,NVDA trading sideways — waiting for a catalyst,174,22,0.0,neutral
2026-04-20 06:44:57,stocks,"PLTR crashing, sell before it gets worse",42,68,-0.4767,negative
2026-04-17 11:44:57,stocks,Anyone following AMC closely? Thoughts?,240,47,0.0,neutral
2026-04-14 07:44:57,wallstreetbets,Bullish on SPY after strong earnings report,47,35,0.5106,positive
2026-03-03 19:44:57,investing,What does everyone think about AMZN earnings?,67,3,0.0,neutral
2026-04-11 02:44:57,stocks,"Dumped all my SPY shares, this rally is fake",373,5,-0.5574,negative
2026-04-11 04:44:57,stocks,SPY trading sideways — waiting for a catalyst,450,23,0.0,neutral
